num_results,requested_at,link_type,scrape_method,query,visible_link,page_number,link,snippet,status,title,effective_query,requested_by,domain,rank,num_results_for_query,no_results,search_engine_name
10,2017-06-07 09:55:12.820006,results,selenium,what is the best way to learn math? site:www.quora.com,https://www.quora.com/Where-is-the-best-place-to-learn-math-onl...,1,https://www.quora.com/Where-is-the-best-place-to-learn-math-online,"Khan Academy has good coverage of typical K-12 topics, as well as some advanced ... It can also be a good way to gain exposure to some great thinkers. ... included, but are something you do by hand on your own, at least from what I've seen.",successful,Where is the best place to learn math online? - Quora,,localhost,www.quora.com,1,"검색결과 약 5,210,000개 (0.31초) ",False,google
10,2017-06-07 09:55:12.820006,results,selenium,what is the best way to learn math? site:www.quora.com,https://www.quora.com/What-is-the-best-way-to-learn-mathemati...,1,https://www.quora.com/What-is-the-best-way-to-learn-mathematical-proofs,"Assuming someone is self-taught, and getting a degree is not an option ... Cal Newport has a helpful guide on learning mathematical proofs. On his blog, he talks ...",successful,What is the best way to learn mathematical proofs? - Quora,,localhost,www.quora.com,2,"검색결과 약 5,210,000개 (0.31초) ",False,google
10,2017-06-07 09:55:12.820006,results,selenium,what is the best way to learn math? site:www.quora.com,https://www.quora.com/What-is-the-best-way-to-learn-higher-mat...,1,https://www.quora.com/What-is-the-best-way-to-learn-higher-mathematics,"don't tell that it depends on individual there has to be a common way ... Though I'm not a Mathematician, I'll try to convey a few good strategies here . These are ...",successful,What is the best way to learn higher mathematics? - Quora,,localhost,www.quora.com,3,"검색결과 약 5,210,000개 (0.31초) ",False,google
10,2017-06-07 09:55:12.820006,results,selenium,what is the best way to learn math? site:www.quora.com,https://www.quora.com/I-want-to-re-learn-mathematics-from-the-...,1,https://www.quora.com/I-want-to-re-learn-mathematics-from-the-ground-up-What-is-the-best-way-to-do-it,"Math and I have always had a difficult relationship. I have always been ... Do you want to appreciate the foundations of specific important areas of mathematics, ...",successful,I want to re-learn mathematics from the ground up. What is the best ...,,localhost,www.quora.com,4,"검색결과 약 5,210,000개 (0.31초) ",False,google
10,2017-06-07 09:55:12.820006,results,selenium,what is the best way to learn math? site:www.quora.com,https://www.quora.com/What-are-good-ways-to-learn-math-form...,1,https://www.quora.com/What-are-good-ways-to-learn-math-formulas,"I'm a bit older and out of school for several years and wanted to pursue some ... I passed all three CFA exams on the first try, so hopefully I speak with a little ...",successful,What are good ways to learn math formulas? - Quora,,localhost,www.quora.com,5,"검색결과 약 5,210,000개 (0.31초) ",False,google
10,2017-06-07 09:55:12.820006,results,selenium,what is the best way to learn math? site:www.quora.com,https://www.quora.com/If-you-had-to-teach-yourself-math-from-...,1,https://www.quora.com/If-you-had-to-teach-yourself-math-from-basic-algebra-to-high-level-mathematics-what-would-be-your-strategy,"The answer is going to be quite long and comprehensive, read till the end, its worth it: ... Move on to set theory (Set theory - Wikipedia), learn what are sets, subsets, .... Unless you're still with a very capable and patient tutor, going to a university is the best way to get the feedback and accountability you need to learn graduate ...",successful,If you had to teach yourself math from basic algebra to high level ...,,localhost,www.quora.com,6,"검색결과 약 5,210,000개 (0.31초) ",False,google
10,2017-06-07 09:55:12.820006,results,selenium,what is the best way to learn math? site:www.quora.com,https://www.quora.com/What-is-the-best-way-to-self-teach-yours...,1,https://www.quora.com/What-is-the-best-way-to-self-teach-yourself-math,"Simple: Get a book and get cracking. How to find a book: Look on Mathematics Stack Exchange ... Yes, even if you want to learn math all by yourself, you need resources and more resources. Learn the basics through books that explains them ...",successful,What is the best way to self teach yourself math? - Quora,,localhost,www.quora.com,7,"검색결과 약 5,210,000개 (0.31초) ",False,google
10,2017-06-07 09:55:12.820006,results,selenium,what is the best way to learn math? site:www.quora.com,https://www.quora.com/How-can-I-learn-math-1,1,https://www.quora.com/How-can-I-learn-math-1,"Find a burning purpose or goal as to how to make it happen and link it to how by learning this ... You would discover cool stuffs by this way and learn Math. PS1: If you ... What time of day are you best able to concentrate on math. For me, it's ...",successful,How to learn math - Quora,,localhost,www.quora.com,8,"검색결과 약 5,210,000개 (0.31초) ",False,google
10,2017-06-07 09:55:12.820006,results,selenium,what is the best way to learn math? site:www.quora.com,https://www.quora.com/What-is-the-best-way-to-re-learn-high-sc...,1,https://www.quora.com/What-is-the-best-way-to-re-learn-high-school-math,"algebra, geometry, trigonometry, pre-calculus, single variable calc. Related: ... I think, our high schools do not provide an adequate level of knowledge in such an ...",successful,What is the best way to (re)learn high school math? - Quora,,localhost,www.quora.com,9,"검색결과 약 5,210,000개 (0.31초) ",False,google
10,2017-06-07 09:55:12.820006,results,selenium,what is the best way to learn math? site:www.quora.com,https://www.quora.com/What-is-the-best-way-to-learn-math-online,1,https://www.quora.com/What-is-the-best-way-to-learn-math-online,"For me, the best combination of online resources for learning math are Khan Academy and Paul's Online Math Notes. You'll be able to go back as far as you need if ...",successful,What is the best way to learn math online? - Quora,,localhost,www.quora.com,10,"검색결과 약 5,210,000개 (0.31초) ",False,google
10,2017-06-07 09:55:15.859708,results,selenium,what is the best way to learn math? site:www.quora.com,https://www.quora.com/What-is-the-best-way-to-learn-math-witho...,2,https://www.quora.com/What-is-the-best-way-to-learn-math-without-a-teacher,"one of my problems is that in a textbook or similar, sometimes (almost all) I ... You need to at least follow a curriculum designed by a math educator. So try MIT ...",successful,What is the best way to learn math without a teacher? - Quora,,localhost,www.quora.com,1,"검색결과 약 5,210,000개 중 2페이지 (0.29초) ",False,google
10,2017-06-07 09:55:15.859708,results,selenium,what is the best way to learn math? site:www.quora.com,https://www.quora.com/What-is-the-best-way-to-learn-math-as-an...,2,https://www.quora.com/What-is-the-best-way-to-learn-math-as-an-adult,"I would like to try learning data science, but I'm not good at math. I had scored ... There may be free online courses you can take. I took some on EdX. Figure out if ...",successful,What is the best way to learn math as an adult? - Quora,,localhost,www.quora.com,2,"검색결과 약 5,210,000개 중 2페이지 (0.29초) ",False,google
10,2017-06-07 09:55:15.859708,results,selenium,what is the best way to learn math? site:www.quora.com,https://www.quora.com/What-is-the-best-way-to-learn-mathematic...,2,https://www.quora.com/What-is-the-best-way-to-learn-mathematics-and-be-excited-about-it-as-a-high-school-student,I am a high school freshman currently enrolled in Algebra II. I feel like my ... There are many ways to learn mathematics. Let me categorize them: If you want to ...,successful,What is the best way to learn mathematics and be excited about it as a ...,,localhost,www.quora.com,3,"검색결과 약 5,210,000개 중 2페이지 (0.29초) ",False,google
10,2017-06-07 09:55:15.859708,results,selenium,what is the best way to learn math? site:www.quora.com,https://www.quora.com/Whats-the-best-not-easiest-way-for-learni...,2,https://www.quora.com/Whats-the-best-not-easiest-way-for-learning-engineering-maths,I'm not very good at maths. I'm making Biology at college and have though ... The best and most effective (and surely not the easiest way) to master something is to ...,successful,What's the best (not easiest) way for learning engineering maths ...,,localhost,www.quora.com,4,"검색결과 약 5,210,000개 중 2페이지 (0.29초) ",False,google
10,2017-06-07 09:55:15.859708,results,selenium,what is the best way to learn math? site:www.quora.com,https://www.quora.com/What-is-the-best-way-to-learn-applied-ma...,2,https://www.quora.com/What-is-the-best-way-to-learn-applied-mathematics-on-your-own,Are some people just good at math and others not? I have been out of school ... Write out the methods given in the text. Write out the exercises. The main key is to ...,successful,What is the best way to learn applied mathematics on your own? - Quora,,localhost,www.quora.com,5,"검색결과 약 5,210,000개 중 2페이지 (0.29초) ",False,google
10,2017-06-07 09:55:15.859708,results,selenium,what is the best way to learn math? site:www.quora.com,https://www.quora.com/What-is-the-best-way-for-an-engineer-to-...,2,https://www.quora.com/What-is-the-best-way-for-an-engineer-to-learn-pure-mathematics,"I am an engineer, finishing up my PhD, and would like to learn pure math on ... I am going to assume you want a broad range of topics to study and not to become ...",successful,What is the best way for an engineer to learn pure mathematics? - Quora,,localhost,www.quora.com,6,"검색결과 약 5,210,000개 중 2페이지 (0.29초) ",False,google
10,2017-06-07 09:55:15.859708,results,selenium,what is the best way to learn math? site:www.quora.com,https://www.quora.com/What-is-the-best-way-to-learn-applied-m...,2,https://www.quora.com/What-is-the-best-way-to-learn-applied-mathematics-from-scratch,"I am 30 years old typical Indian who was taught maths in school and college. ... Ok, you wish to start from scratch. Scratch in mathematics should probably be ...",successful,What is the best way to learn applied mathematics from scratch? - Quora,,localhost,www.quora.com,7,"검색결과 약 5,210,000개 중 2페이지 (0.29초) ",False,google
10,2017-06-07 09:55:15.859708,results,selenium,what is the best way to learn math? site:www.quora.com,https://www.quora.com/What-is-the-best-way-to-learn-math-as-a-...,2,https://www.quora.com/What-is-the-best-way-to-learn-math-as-a-beginner,"If you want to do it recreationally, I would recommend starting by reading a popular book about mathematics to get interest, which is probably the most ...",successful,What is the best way to learn math as a beginner? - Quora,,localhost,www.quora.com,8,"검색결과 약 5,210,000개 중 2페이지 (0.29초) ",False,google
10,2017-06-07 09:55:15.859708,results,selenium,what is the best way to learn math? site:www.quora.com,https://www.quora.com/What-is-the-best-way-to-learn-advanced-...,2,https://www.quora.com/What-is-the-best-way-to-learn-advanced-Mathematics-on-ones-own-topics-like-topology-algebraic-geometry-advanced-algebra-etc,"For someone with a undergrad/grad Math background ... For me, learning involves three things: 1) Goal setting 2) Content Absorbtion 3) Testing + Validation For #2 ...",successful,What is the best way to learn advanced Mathematics on one's own ...,,localhost,www.quora.com,9,"검색결과 약 5,210,000개 중 2페이지 (0.29초) ",False,google
10,2017-06-07 09:55:15.859708,results,selenium,what is the best way to learn math? site:www.quora.com,https://www.quora.com/What-is-the-best-way-to-learn-math-in-a-f...,2,https://www.quora.com/What-is-the-best-way-to-learn-math-in-a-foreign-language,3 things you will need: 1. The book/topic as you are currently studying it. 2. A book/reference in your native language (or whatever language you are most ... I don't ...,successful,What is the best way to learn math in a foreign language? - Quora,,localhost,www.quora.com,10,"검색결과 약 5,210,000개 중 2페이지 (0.29초) ",False,google
